SENTENCE,ITEM 1,ITEM 2,ITEM 3,ITEM 4,ITEM 5
Treatment of allergic rhinitis with intranasal corticosteroids in patients with mild asthma: effect on lower airway responsiveness,0,0,0,0,0
"The effect of treatment of allergic rhinitis with intranasal corticosteroids on lower airway responsiveness was assessed in a randomized, double-blind, placebo-controlled, crossover study",1,1,0,0,0
"Twenty-one young patients with perennial allergic rhinitis and asthma, with documented lower airway hyperresponsiveness (PC20 methacholine < 8 mg/ml), were treated with intranasal aqueous beclomethasone dipropionate and placebo, each given for 4 weeks",0,0,0,0,0
Patients recorded rhinitis and asthma symptom scores and monitored peak expiratory flow rates every morning and evening,0,0,0,0,0
Patients recorded global assessment of rhinitis and global asthma symptom scores at the beginning and end of each treatment,0,0,0,0,0
PC20 methacholine was performed at baseline and at the end of each treatment period,0,0,0,0,0
Intranasal beclomethasone dipropionate significantly reduced global rhinitis symptom scores (p = 0.05) after 4 weeks of treatment,0,0,0,0,0
Global asthma scores did not change significantly (p = 0.2),0,0,0,0,0
"Geometric mean PC20 methacholine improved significantly after 4 weeks of intranasal beclomethasone, but not after placebo (p = 0.04)",0,0,0,0,0
"Daily morning and evening rhinitis symptom scores were lower in patients treated with intranasal corticosteroids over the first 4 weeks of treatment, but carryover effect of steroids precluded comparative analysis of the second 4-week block (morning p = 0.06, evening p = 0.03)",0,0,0,0,0
Morning asthma scores tended to decrease (p = 0.07),0,0,0,0,0
"Evening asthma scores were significantly decreased at weeks 2 and 3 (p = 0.001, p = 0.02, respectively)",0,0,0,0,0
No change in peak expiratory flow rate was seen,0,0,0,0,0
This study confirms that treatment of inflammation in the upper airways indirectly improves asthma symptoms and decreases bronchial hyperreactivity,0,0,0,0,0
Ignoring inflammation in the upper airway may lead to suboptimal results in asthma treatment.,0,0,0,0,0
Once-daily budesonide: 400 micrograms once daily is as effective as 200 micrograms twice daily in controlling childhood asthma,0,0,0,0,0
PETITE Research Group,0,0,0,0,0
One hundred and sixty seven children on 0-200 microgram/day of inhaled steroid with asthma symptoms and sub-optimal peak flow values (less than 90% of that predicted for their height) were randomly allocated either 400 microgram once daily (nocte with placebo o.m.) or 200 mircrogram twice daily of budesonide Turbohaler for 8 weeks,1,0,0,1,0
Bronchdilator usage and symptoms were reduced in both groups at 4 and 8 weeks compared with baseline,0,0,0,0,0
There was a significant increase within both groups in morning and evening PEF after 4 and 8 weeks,0,0,0,0,0
"The increase in evening PEF after 8 weeks was greater in the once-daily group than in the twice-daily group but there were no other significant differences between the groups (morning: +24.6 l/min vs 15.2 l/min, p = 0.059; evening: + 19.7 l/min vs +8.31 l/min; p = 0.013)",0,0,0,0,0
Budesonide Turbohaler 400 microgram once daily is therefore as effective as 200 microgram twice daily in achieving asthma control in children.,0,0,0,0,0
Clinical efficacy of low-dose inhaled budesonide once or twice daily in children with mild asthma not previously treated with steroids,0,0,0,0,0
"The aim of the present study was to examine the efficacy of low-dose inhaled budesonide (BUD) administered via Turbuhaler once or twice daily on symptoms, lung function and bronchial hyperreactivity in children with mild asthma",0,0,0,0,0
"One hundred and sixty-three children (mean age 9.9 yrs, 56 females/107 males) with mild asthma (forced expiratory volume in one second (FEV1) 103% of predicted, morning peak expiratory flow (PEF) 87% pred, reversibility in FEV1 3%, fall in FEV1 after exercise 10.4% from pre-exercise value) and not previously treated with inhaled steroids, were included in a double-blind, randomized, parallel-group study",1,1,0,0,0
"After a two-week run-in period, the children received inhaled BUD 100 microg or 200 microg once daily in the morning, 100 microg twice daily or placebo for 12 weeks",0,0,0,0,0
Exercise and methacholine challenges were performed before and at the end of treatment,0,0,0,0,0
"After 12 weeks of therapy, the fall in FEV1 after an exercise test was significantly less in all three BUD groups (43-5.1%) than in the placebo group (8.6%)",0,0,0,0,0
Bronchial hyperreactivity to methacholine with the provocative dose causing a 20% fall in FEV1 decreased significantly in the BUD 100 microg twice-daily group compared with placebo (ratio at the end of treatment 156%),0,0,0,0,0
Changes in baseline lung function (FEV1 and PEF) were less marked than changes in bronchial responsiveness,0,0,0,0,0
"In conclusion, low doses of inhaled budesonide, given once or twice daily, provided protection against exercise-induced bronchoconstriction in children with mild asthma and near normal lung function.",0,0,0,0,0
Adverse effect of inhaled budesonide (800 μgr) on growth and collagen turnover in children with asthma: a double-blind comparison of once-daily versus twice-daily administration,0,1,0,0,0
"Methods: A randomized, double-blind, crossover trial with 2 treatment periods of 4 weeks was conducted, and growth was assessed with a knemometer",1,1,0,0,0
Objective: To compare short-term growth and markers of collagen turnover during treatment with 800 micrograms of inhaled budesonide administered once daily in the morning and 400 micrograms administered twice daily.,0,0,0,0,0
Patients: Twenty-four children with asthma aged 5.6 to 12.5 years.,0,0,0,0,0
Setting: An outpatient secondary referral center,0,0,0,0,0
Background: Twice-daily administration of inhaled budesonide (400 micrograms) suppresses short-term growth in children with asthma.,0,0,0,0,0
"The carboxy terminal propeptide of type I procollagen, the amino terminal propeptide of type I procollagen (PINP), the carboxy terminal pyridinoline cross-linked telopeptide of type I collagen, the amino terminal propeptide of type III procollagen (PIIINP), and urinary pyridinoline and deoxypyridinoline were evaluated.",0,0,0,0,0
"Results: Mean lower leg growth rate (P = .04), PINP (P = .03), and PIIINP (P < .01) were suppressed during twice-daily administration of budesonide, 400 micrograms",0,0,0,0,0
"Otherwise, no statistically significant differences were detected.",0,0,0,0,0
"Conclusions: As compared with 400 micrograms of inhaled budesonide administered twice daily, 800 micrograms administered once daily in the morning has a sparing effect on short-term growth and collagen turnover.",0,0,0,0,0
Efficacy of once-daily versus twice-daily administration of budesonide by turbuhaler in children with stable asthma,0,0,0,0,0
"We evaluated the efficacy of once-daily versus twice-daily treatment with budesonide, delivered by a Turbuhaler(R), in the management of children with stable asthma in a randomized, double-blind, parallel-group study involving 206 children (age 5-15 years)",1,1,0,0,0
"After a 2-week run-in period during which the children were maintained on their usual dose of budesonide (200 microg or 400 microg/day), patients were randomized to receive the same daily dose in either two daily administrations (morning and evening) or as a single dose in the morning over a period of 12 weeks",1,0,0,1,0
The primary efficacy variable was morning peak expiratory flow (PEF),0,0,0,0,0
The mean morning PEF during the run-in phase was 271 L/min in patients randomized to once-daily treatment and 264 L/min in those randomized to twice-daily treatment,1,0,0,0,0
The mean change from baseline to the last 2 weeks of the treatment period in the two groups was -0.3 L/min (95% confidence limits -6.6 to +6.0) and 2.5 L/min (-4.3 to +9.3),0,0,0,0,0
"The estimated difference between the groups was -2.8 L/min, with 90% confidence limits of -10.4 + 4.5; these were close to the limits regarded as indicative of equivalence (-10 to +10), and hence the difference was not regarded as clinically relevant",0,0,0,0,0
"Similarly, there were no significant differences between the groups in regard to secondary efficacy measures such as spirometric tests and symptom scores",0,0,0,0,0
Both treatments were well tolerated,0,0,0,0,0
We conclude that once-daily administration of budesonide by Turbuhaler(R) is as effective as twice-daily treatment in the management of stable asthma in children treated with inhaled steroids at doses of 200-400 microg/day.,0,0,0,0,0
"A multiple–dosing, placebo–controlled study of budesonide inhalation suspension given once or twice daily for treatment of persistent asthma in young children and infants",0,0,0,0,0
"Rationale: Topical antiinflammatory medications such as inhaled corticosteroids are recommended for therapy of asthma, but no formulation suitable for administration to infants and young children is available in the United States.",0,0,0,0,0
"Methods: This was a 12-week, multicenter, double-blind, randomized, parallel-group study comparing the efficacy and safety of four dosing regimens of bude-sonide inhalation suspension (BIS) or placebo in 480 asthmatic infants and children (64% boys), ages 6 months to 8 years, with moderate persistent asthma",1,1,0,0,0
Approximately 30% of children were previously on inhaled corticosteroids that were discontinued before the study,0,0,0,0,0
"Active treatments were comprised of BIS 0.25 mg once daily (QD), 0.25 mg twice a day (BID), 0.5 mg BID, or 1.0 mg QD",0,0,0,0,0
"Efficacy was assessed by twice daily recording at home of asthma symptom scores and use of rescue medication, and discontinuation from the study because of worsening asthma and/or a requirement for systemic steroids",0,0,0,0,0
Peak flow measurements were recorded twice daily on diary and spirometry was recorded at clinic visits for those children able to perform these tests,0,0,0,0,0
Safety was assessed by reported adverse events and by cortisol testing (adrenocorticotropic hormone stimulation) in a subset of patients,0,0,0,0,0
Results: Patients enrolled had an average duration of asthma of 34 months; the mean asthma symptom score was approximately 1.3 (scale of 0-3),0,0,0,0,0
All dosing regimens with BIS produced statistically significant improvement in various clinical efficacy measures for asthma control compared with placebo,0,0,0,0,0
"The lowest dose used, 0.25 mg QD, was efficacious but with fewer efficacy parameters than seen with the other doses administered",0,0,0,0,0
Separation between active treatment and placebo in daytime and nighttime symptom scores were observed by week 2 of treatment for all BIS treatment regimens,0,0,0,0,0
A significant increase in peak flow measurement was observed in most active treatment groups compared with placebo in the subset of children able to do pulmonary function testing,0,0,0,0,0
All treatment groups showed numerical improvement in forced expiratory volume in 1 second but only the 0.5-mg BID dose was significantly different from placebo,0,0,0,0,0
Adverse events for the entire group and response to adrenocorticotropic hormone in a subgroup of children who underwent cortisol testing before and at the end of the treatment period were no different in budesonide-treated patients in comparison to placebo.,0,0,0,0,0
"Conclusion: Results of this study demonstrate that BIS is effective and safe for infants and young children with moderate persistent asthma in a multiple dose range, and that QD dosing is an important option to be considered by the prescribing physician.",0,0,0,0,0
Low-dose inhaled budesonide once or twice daily for 27 months in children with mild asthma,0,0,0,0,0
This study is an extended follow-up for 24 months of a 12-week trial to study the long-term clinical efficacy of low-dose inhaled budesonide (BUD) once or twice daily in children with mild asthma,0,0,0,0,0
"A total of 122 children (mean age 9.7 years, girls/boys; 42/80) with mild asthma (FEV1 103.7% of predicted, reversibility in FEV1 3.5%, and fall in FEV1 after exercise 12.2%), not previously treated with inhaled steroids, were included in a double-blind, randomized, parallel-group study",1,1,0,0,0
"The children were treated with inhaled BUD 100 or 200 microg administered via Turbuhaler once daily in the morning, 100 microg twice daily, or placebo for 27 months",0,0,0,0,0
"Exercise and methacholine challenges were performed at 3-month intervals the first year and at 6-month intervals the second year, in a total of seven visits",0,0,0,0,0
"A significant dose-response effect favoring BUD 200 microg daily (vs 100 microg daily) was found when comparing changes in FEV1, FEF25%, and FEV50%; the fall in FEV1 after an exercise test; and the effect on blood eosinophils",0,0,0,0,0
Bronchial hyperreactivity to methacholine decreased significantly on three visits in patients treated with BUD 200 microg daily compared to placebo,0,0,0,0,0
Growth rate was not significantly affected except in children aged 7-11 years at baseline after 12 months of treatment,0,0,0,0,0
"In conclusion, 100 or 200 microg daily of inhaled BUD for 27 months is safe and effective in protecting against exercise-induced asthma and achieving nearly normal lung function",0,0,0,0,0
Baseline lung function was not significantly affected in this group of children with mild asthma.,0,0,0,0,0
Efficacy and safety of dry powder fluticasone propionate in children with persistent asthma,0,0,0,0,0
"Background: Flovent Diskus is a powder formulation of the inhaled corticosteroid fluticasone propionate (FP) delivered via a breath-actuated, multidose inhaler.",0,0,0,0,0
Objective: To determine the efficacy and safety of dry powder FP administered once or twice daily (200 microg per day) to children with persistent asthma,0,0,0,0,0
"Methods: Twelve-week, randomized, double-blind, placebo-controlled, multicenter trial with a 52-week, open-label extension",1,1,0,0,0
Children aged 4 to 11 were required to have pulmonary function 50% to 85% of predicted values,0,0,0,0,0
The population was stratified for baseline therapy (inhaled corticosteroid/cromolyn or bronchodilators only),0,0,0,0,0
"After a 2-week placebo run-in, 242 patients received dry powder FP 200 microg each morning, dry powder FP 100 microg BID, or placebo for 12 weeks; 192 were rerandomized to the QD or BID regimen for an additional 52 weeks of open-label treatment",1,0,0,1,0
Primary endpoints were mean changes in FEV1 and morning PEF recorded at clinic visits.,0,0,0,0,0
"Results: Both dry powder FP regimens significantly improved FEV1, evening PEF, and asthma symptoms at the double-blind phase endpoint (P < or = .017 compared with placebo)",0,1,0,0,0
The BID regimen also significantly improved morning PEF and nighttime awakenings due to asthma (P < or = .005),0,0,0,0,0
"Among patients previously treated with inhaled corticosteroids/cromolyn, improvements observed with the QD and BID regimens were similar",0,0,0,0,0
Patients switched from BID to open-label QD treatment showed additional improvements at week 52 generally comparable to patients who received the BID regimen during both phases,0,0,0,0,0
Fluticasone propionate was well tolerated for up to 64 weeks with few reports of drug-related adverse events or morning plasma cortisol abnormalities,0,0,0,0,0
Inhaled fluticasone propionate by Diskus in the treatment of asthma,0,0,0,0,0
Conclusions: Once daily dosing of dry powder FP 200 microg is an effective and convenient alternative for children whose asthma is controlled with a more frequent dosing regimen of inhaled corticosteroids.,0,0,0,0,0
A comparison of the efficacy of the same nomimal dose given either once or twice a da,0,0,0,0,0
"Study objective: In September 2000, the US Food and Drug Administration (FDA) approved the use of Flovent Diskus (FD) [fluticasone propionate; GlaxoSmithKline; Research Triangle Park, NC], which is an orally inhaled, dry-powder corticosteroid, for the maintenance treatment of asthma at dosages of 50 to 1,000 microg administered twice-daily",0,0,0,0,0
Once-daily dosage regimens did not receive approval,0,0,0,0,0
"This article will detail six clinical trials, five of which incorporated comparative once-daily and twice-daily treatment arms of the same nominal dose of FD",0,0,0,0,0
"Results: Twice-daily dosing was numerically superior to once-daily dosing at the same nominal dose in all comparative studies for the primary end point, change in predose FEV(1)",0,0,0,0,0
"Design: Six 12-week, randomized, double-blind, placebo-controlled studies in patients with mild-to-moderate asthma, including two pediatric asthma trials (patient age, 4 to 11 years) of total daily doses of fluticasone propionate (FP) of 100 or 200 microg, and four adult and adolescent studies of total daily doses of FP of 100, 200, or 500 microg",1,1,0,0,0
"In five trials, the results of the once-daily dosage of FP were statistically indistinguishable from those with placebo",0,0,0,0,0
"One trial demonstrated the superiority of FP, 500 microg once-daily, over placebo; however, the effect size was half that observed with twice-daily dosing",0,0,0,0,0
Once-daily FP dosing showed no advantage in safety or in patient adherence to medication,0,0,0,0,0
"Conclusions: In the FDA review of once-daily dosing of the FD regimen, 100 or 200 microg once-daily dosing was not shown to be significantly better than placebo",0,0,0,0,0
"FP 500 microg once-daily was found to be superior to placebo, but at about one half the effect size as the same nominal dose given bid",0,0,0,0,0
"No advantage in patient safety or adherence was demonstrated for once-daily administration over twice-daily administration, and once-daily administration is not currently recommended.",0,0,0,0,0
Is evidence for homeopathy reproducible ?,0,0,0,0,0
"We tested, under independent conditions, the reproducibility of evidence from two previous trials that homoeopathy differs from placebo",0,0,0,0,0
The test model was again homoeopathic immunotherapy,0,0,0,0,0
"28 patients with allergic asthma, most of them sensitive to house-dust mite, were randomly allocated to receive either oral homoeopathic immunotherapy to their principal allergen or identical placebo",1,0,0,0,0
The test treatments were given as a complement to their unaltered conventional care,0,0,0,0,0
A daily visual analogue scale of overall symptom intensity was the outcome measure,0,0,0,0,0
A difference in visual analogue score in favour of homoeopathic immunotherapy appeared within one week of starting treatment and persisted for up to 8 weeks (p = 0.003),0,0,0,0,0
There were similar trends in respiratory function and bronchial reactivity tests,0,0,0,0,0
A meta-analysis of all three trials strengthened the evidence that homoeopathy does more than placebo (p = 0.0004),0,0,0,0,0
Is the reproducibility of evidence in favour of homoeopathy proof of its activity or proof of the clinical trial's capacity to produce false-positive results?,0,0,0,0,0
Use of ultramolecular potencies of allergen to treat asthmatic people allergic to house dust mite: double blind randomised controlled clinical trial,1,1,0,0,0
"Clinic based assessments: forced expiratory volume in one second (FEV1), quality of life, and mood",0,0,0,0,0
"After a four week baseline assessment, participants were randomised to receive oral homoeopathic immunotherapy or placebo and then assessed over 16 weeks with three clinic visits and diary assessments every other week",1,0,0,0,0
38 general practices in Hampshire and Dorset,0,0,0,0,0
"242 people with asthma and positive results to skin prick test for house dust mite; 202 completed clinic based assessments, and 186 completed diary based assessments",0,0,0,0,0
Double blind randomised controlled trial,1,1,0,0,0
To evaluate the efficacy of homoeopathic immunotherapy on lung function and respiratory symptoms in asthmatic people allergic to house dust mite,0,0,0,0,0
"Diary based assessments: morning and evening peak expiratory flow, visual analogue scale of severity of asthma, quality of life, and daily mood",0,0,0,0,0
There was no difference in most outcomes between placebo and homoeopathic immunotherapy,0,0,0,0,0
"There was a different pattern of change over the trial for three of the diary assessments: morning peak expiratory flow (P=0.025), visual analogue scale (P=0.017), and mood (P=0.035)",0,0,0,0,0
At week three there was significant deterioration for visual analogue scale (P=0.047) and mood (P=0.013) in the homoeopathic immunotherapy group compared with the placebo group,0,0,0,0,0
Any improvement in participants' asthma was independent of belief in complementary medicine,0,0,0,0,0
Homoeopathic immunotherapy is not effective in the treatment of patients with asthma,0,0,0,0,0
The different patterns of change between homoeopathic immunotherapy and placebo over the course of the study are unexplained,0,0,0,0,0
Homoeopathic remedies probably have an effect that is greater than placebo,0,0,0,0,0
Some of the better quality homoeopathic studies involve homoeopathic doses of allergens used to treat allergic diseaseIn this study homoeopathic remedies were no better than placebo in the treatment of asthmatic patients who are allergic to house dust mite,0,0,0,0,0
Individualised homeopathy as an adjunct in the treatment of childhood asthma: a randomised placebo controlled trial,1,0,0,0,0
Background: Homeopathy is frequently used to treat asthma in children,0,0,0,0,0
"In the common classical form of homeopathy, prescriptions are individualised for each patient",0,0,0,0,0
There has been no rigorous investigation into this form of treatment for asthma.,0,0,0,0,0
"Methods: In a randomised, double blind, placebo controlled trial the effects of individualised homeopathic remedies were compared with placebo medication in 96 children with mild to moderate asthma as an adjunct to conventional treatment",1,1,0,0,0
The main outcome measure was the active quality of living subscale of the Childhood Asthma Questionnaire administered at baseline and follow up at 12 months,0,0,0,0,0
"Other outcome measures included other subscales of the same questionnaire, peak flow rates, use of medication, symptom scores, days off school, asthma events, global assessment of change, and adverse reactions",0,0,0,0,0
"Other subscales, notably those measuring severity, indicated relative improvements but the sizes of the effects were small",0,0,0,0,0
Results: There were no clinically relevant or statistically significant changes in the active quality of life score,0,0,0,0,0
There were no differences between the groups for other measures.,0,0,0,0,0
"Conclusions: This study provides no evidence that adjunctive homeopathic remedies, as prescribed by experienced homeopathic practitioners, are superior to placebo in improving the quality of life of children with mild to moderate asthma in addition to conventional treatment in primary care.",0,0,0,0,0
negative sample test for item 1,0,0,0,0,0
"this is not a real article, just something to triger negative exemple of the item 1 for test use, to be remove later like any ""pmid"" below 0",0,0,0,0,0
Comparison of 2 iron doses in infants receiving recombinant human erythropoietin therapy,0,0,0,0,0
"Objective: To compare iron sufficiency in premature infants receiving high-dose recombinant human erythropoietin (r-HuEPO), 1200 IU/kg per week, supplemented with 6 or 12 mg/kg per day of enteral iron.",0,0,0,0,0
"Design: We conducted a prospective, double-blind, controlled study of premature infants receiving r-HuEPO therapy, randomly assigned to receive 2 different doses of iron",1,1,0,0,0
"Measurements of ferritin, iron, total iron-binding capacity, reticulocyte count, hemoglobin level, and hematocrit were obtained at baseline, 4, and 6 weeks",0,0,0,0,0
Transferrin saturation was calculated; the number of blood transfusions and the incidences of sepsis were recorded.,0,0,0,0,0
"Setting: This study was performed in the neonatal intensive care unit at Loma Linda University Children's Hospital, Loma Linda, Calif.",0,0,0,0,0
"Subjects: Infants with a gestational age of 32 weeks or younger, older than 7 days, and receiving r-HuEPO therapy from March 1, 1997, to June 30, 1998, were eligible for the study",0,0,0,0,0
Infants were randomly assigned to receive 6 mg/kg per day or 12 mg/kg per day of enteral iron during a course of r-HuEPO therapy for 4 to 6 weeks.,1,0,0,1,0
Results: Sixty-four infants were enrolled in the study,0,0,0,0,0
Twelve infants did not complete the study; 52 completed 4 weeks and 41 completed 6 weeks of the study,0,0,1,0,0
"While ferritin levels and transferrin saturation decreased in both groups over the study period, there were no differences between the 2 study groups.",0,0,0,0,0
Conclusions: Infants receiving high-dose r-HuEPO therapy (1200 IU/kg per week) decrease their ferritin levels (measure of iron stores) even when receiving high enteral iron supplementation,0,0,0,0,0
"Given that the ferritin levels were similar between the 2 groups, we speculate that the additional iron either was not absorbed or was not stored.",0,0,0,0,0
"Comparison between single-dose oral prednisolone and oral dexamethasone in the treatment of croup: a randomized, double-blinded clinical trial",1,1,0,0,0
Objective: To compare the effectiveness of three corticosteroid regimens in children with mild to moderate croup.,0,0,0,0,0
"Methods: Double-blinded, randomized comparative trial with parallel design, conducted in the ED of a paediatric tertiary care hospital",1,1,0,0,0
Children aged 6 months to 6 years presenting to the ED with croup were eligible for inclusion if their Westley croup score was 2 or more,0,0,0,0,0
"They were randomized to receive a single oral dose of either prednisolone 1 mg/kg, dexamethasone 0.15 mg/kg or dexamethasone 0.6 mg/kg",1,0,0,0,0
"Primary outcome measures were the magnitude and rate of reduction in Westley croup score, rate of return for medical care with ongoing croup, and further treatment with steroids in the week following index presentation",0,0,0,0,0
"Secondary outcome measures were the proportion of subjects requiring admission or salvage therapy, such as nebulized adrenaline, during index presentation.",0,0,0,0,0
"Results: A total of 99 children, aged 6-79 months, were enrolled (mean age: 1.7 years)",0,0,0,0,0
"Thirty-four patients were randomized to receive prednisolone 1 mg/kg, 34 to receive dexamethasone 0.15 mg/kg, and 31 to receive dexamethasone 0.6 mg/kg",1,0,0,1,0
Baseline characteristics of the three groups were similar,0,0,0,0,0
The parents of 86 patients (87%) were available for follow-up telephone interview at 1 week,0,0,0,0,0
There were no significant differences in primary or secondary outcome measures between the three treatment groups.,0,0,0,0,0
Conclusions: Both prednisolone 1 mg/kg and low-dose dexamethasone (0.15 mg/kg) were found not to differ in efficacy from the currently recommended 0.6 mg/kg dexamethasone,0,0,0,0,0
The use of these corticosteroid regimens in treating patients with mild to moderate croup is thus supported.,0,0,0,0,0
A randomized comparison of dexamethasone 0.15 mg/kg versus 0.6 mg/kg for the treatment of moderate to severe croup,1,0,0,0,0
"Background: Although previous studies have shown that dexamethasone is useful in croup, the optimal dosage has not been clarified yet",0,0,0,0,0
The aim of this study was to investigate the effectiveness of dexamethasone 0.15 mg/kg single dose compared with the recommended dose of 0.6 mg/kg for treatment of hospitalized children with moderate to severe croup.,0,0,0,0,0
Method: Forty-one children aged 6 months to 5 years admitted from March 2001 to October 2003 at the pediatric ward of Hatyai Hospital with moderate to severe croup were recruited for the study,0,0,0,0,0
"After random allocation, each child received a single intravenous injection of either dexamethasone 0.6 mg/kg (maximum dose 12 mg) or 0.15 mg/kg (maximum dose 3 mg)",1,0,0,0,0
All children were given a single dose of epinephrine nebulization at the beginning of the study,0,0,0,0,0
"The croup scores were measured at 0, 1, 2, 3, 4, 6, 8, 10 and 12 h after the dexamethasone injection.",0,0,0,0,0
"Results: One hour following the injection, the mean croup scores were significantly reduced from baseline values in both groups (p<0.01)",0,0,0,0,0
There was no difference in the mean croup scores between the two groups at any time,0,0,0,0,0
"Median times to croup scores equal or less than two in both high- and low-dose groups were 8 and 7.9 h, respectively",0,0,0,0,0
No patient required intubation or was removed from the study because of a rising croup score after enrollment,0,0,1,0,0
There was no significant adverse reaction from dexamethasone treatment in either group.,0,0,0,0,0
Iron supplementation enhances response to high doses of recombinant human erythropoietin in preterm infants,0,0,0,0,0
Conclusion: Dexamethasone 0.15 and 0.6 mg/kg are equally effective in the treatment of moderate to severe croup.,0,0,0,0,0
To determine whether iron supplementation would enhance erythropoiesis in preterm infants treated with high doses of human recombinant erythropoietin (r-HuEPO).,0,0,0,0,0
"Sixty three preterm infants were randomly allocated at birth to one of three groups to receive: r-HuEPO alone, 1200 IU/kg/week (EPO); or r-HuEPO and iron, 1200 IU/kg/week of r-HuEPO plus 20mg/kg/week of intravenous iron (EPO+iron); or to serve as controls",1,0,0,1,0
All three groups received blood transfusions according to uniform guidelines.,0,0,0,0,0
RESULTS—Infants in the EPO+iron group needed fewer transfusions than controls—mean (95% CI) 1.0 (0.28-1.18) vs 2.9 (1.84-3.88) and received lower volumes of blood—mean (95% CI) 16.7 (4.9-28.6) vs 44.4 (29.0-59.7) ml/kg,0,0,0,0,0
"The EPO group also needed lower volumes of blood than the controls—mean (95% CI) 20.1 (6.2-34.2) vs 44.4(29.0-59.7) ml/kg, but the same number of transfusions, 1.3 (0.54-2.06) vs 2.9 (1.84-3.88)",0,0,0,0,0
"Reticulocyte and haematocrit values from postnatal weeks 5 to 8 were higher in the EPO+iron than in the EPO group, and both groups had higher values than the controls",0,0,0,0,0
"Mean (SEM) plasma ferritin was lower in the EPO group—65 (55) µg/l than in the EPO+iron group 780 (182) µg/l, and 561 (228) µg/l in the control infants.",0,0,0,0,0
CONCLUSIONS—Early administration of high doses of r-HuEPO with iron supplements significantly reduced the need for blood transfusion,0,0,0,0,0
Intravenous iron (20 mg/kg/week in conjunction with r-HuEPO yielded a higher reticulocyte count and haematocrit concentration after the forth week of life than r-HuEPO alone,0,0,0,0,0
Infants treated with r-HuEPO alone showed signs of reduced iron stores.,0,0,0,0,0
Oral iron supplementation in preterm infants treated with erythropoietin,0,0,0,0,0
Background: It is not known whether a moderate dose of oral iron supplementation would further enhance erythropoiesis in recombinant human erythropoietin (EPO)-treated very low-birthweight (VLBW) infants.,0,0,0,0,0
"Methods: In total, 24 preterm infants with birthweights 750-1499 g were enrolled at the age of 14-28 days to receive 400 IU/kg per week EPO subcutaneously for 8 weeks",0,0,0,0,0
The infants were randomly allocated either to receive oral iron supplementation 4 mg/kg per day or to serve as controls.,1,0,0,1,0
"Results: Hemoglobin and the absolute reticulocyte count in the iron supplementation and the control groups remained identical throughout the study period, whereas serum ferritin was significantly lower in the control group at study exit and follow up",0,0,0,0,0
Rates of treatment success (no need for transfusion and hemoglobin never below 8 g/dL) also did not differ between the groups.,0,0,0,0,0
Conclusions: In this study we did not find a clear advantage in a moderate dose of oral iron supplementation on erythropoiesis in EPO-treated VLBW infants,0,0,0,0,0
Whether a higher dose would lead to enhanced erythropoiesis remains to be answered.,0,0,0,0,0
Oral iron is sufficient for erythropoietin treatment of very low birth-weight infant,0,0,0,0,0
The aim of this study was to compare two different doses and means of administration of iron in recombinant human erythropoietin (rHuEPO)-treated very low birth-weight (VLBW) infants,0,0,0,0,0
VLBW infants (n = 41) were randomized to one of three groups,1,0,0,0,0
"Fourteen infants were treated with rHuEPO (300 IU/kg three times a week s.c.) and oral iron (ferrofumarate, 6 mg of iron/kg per day)",0,0,0,0,0
"Another 14 infants received the same erythropoietin dose and intramuscular iron (ferroxypolymaltose, once 12 mg of iron/kg weekly)",0,0,0,0,0
Thirteen infants were treated with the same dose of intramuscular iron but did not receive rHuEPO,0,0,0,0,0
"After the 3-week study period, haemoglobin concentrations and reticulocyte counts were similar in the rHuEPO-treated groups and both were higher than in the group not receiving rHuEPO (P < 0.001)",0,0,0,0,0
In both rHuEPO-treated groups the transferrin receptor concentration increased from 6.8-7.2 mg/l to 10.5-11.3 mg/l.,0,0,0,0,0
Conclusion: In erythropoietin-treated very low birth weight infants the iron need for erythropoiesis can be met by oral administration of iron.,0,0,0,0,0
A comparison of oral and intravenous iron supplementation in preterm infants receiving recombinant erythropoietin,0,0,0,0,0
Objective: To determine whether intravenously administered iron supplements would improve the hematologic response to recombinant erythropoietin in stable preterm infants.,0,0,0,0,0
"Methods: Forty-two preterm infants (<33 weeks' gestation, birth weight < 1500 gm, hematocrit <38%) were treated with recombinant human erythropoietin (Eprex), 600 U/kg per week, and randomly assigned to receive either an oral preparation of ferrous lactate (elemental iron, 12 mg/kg per day) or an intravenous preparation of iron sucrose (6 mg/kg per week).",1,0,0,1,0
"Results: Hematocrits, reticulocyte counts, and transfusions were similar in the oral group (OG) and the intravenous group (IVG)",0,0,0,0,0
"However, markedly higher serum ferritin concentrations were noted in the IVG (p <0.001), and by completion of the study the arithmetic mean values were 265 +/- 127 microg/L versus 137 +/- 65 microg/L in the IVG and the OG, respectively",0,0,0,0,0
The numbers of hypochromic erythrocytes increased in both groups during the study but were significantly higher in the OG (p = 0.04),0,0,0,0,0
Mean daily weight gain in the IVG (27 +/- 6.4 gm/day) was greater than in the OG (22.9 +/- 4.78 gm/day; p = 0.04).,0,0,0,0,0
Conclusions: High doses of both orally administered iron and intravenously administered iron sucrose appear to supply sufficient iron for erythropoiesis in stable infants,0,0,0,0,0
Storage iron may become depleted after oral supplementation,0,0,0,0,0
"The intravenous preparation appears to be safe and maintains serum ferritin concentrations, and it may be indicated for patients with low ferritin levels and for those not established on enteral feedings.",0,0,0,0,0
The Role if High-Dose Oral Iron Supplementation During Erythropoietin Therapy for Anemia of Prematurity,0,0,0,0,0
Objective: To assess whether a high intake of oral iron would increase the effect of recombinant human erythropoietin (rHuEPO) on hemoglobin synthesis.,0,0,0,0,0
"Methods: We studied 30 preterm infants (gestational age 29+/-1.8 weeks, birth weight 1161+/-200 g, at age of 28+/-10 days) who were randomly assigned to receive either 8 mg/kg per day (n=15) or 16 mg/kg per day of oral iron during a course of rHuEPO therapy (900 microg/kg per week) for a duration of 4 weeks",1,0,0,1,0
Both groups were comparable in regard to clinical and laboratory data at the time of enrollment.,0,0,0,0,0
"Results: rHuEPO caused a significant increase in reticulocyte count in the low- and high-dose iron groups, 17.1+/-5.3 to 34.7+/-9.2 and 16.3+/-3.3 to 42.5+/-5.6 (10(9)/l), respectively (p<0.05)",0,0,0,0,0
"However, in both groups, hematocrit values remained stable at the end of the study as compared to baseline (0.35+/-0.03% vs",0,0,0,0,0
"0.30+/-0.03%, 0.35+/-0.05% vs",0,0,0,0,0
"0.30+/-0.03%, NS) and in both groups there was a comparable and significant decrease in ferritin level (259+/-109 to 101+/-40 and 168+/-54 to 69+/-38 microg/l, respectively; p<0.01)",0,0,0,0,0
"The rates of bloody stools without any evidence of necrotizing enterocolitis were not significantly different between the two treatment groups (1/15 vs 4/15, NS).",0,0,0,0,0
Conclusion: We conclude that a higher dose (16 mg/kg per day) of oral iron is not more beneficial when compared to a lower dose (8 mg/kg per day) during rHuEPO therapy for anemia of prematurity,0,0,0,0,0
Further studies will define the optimal dosage and route of administration of iron supplementation during rHuEPO therapy,0,0,0,0,0
Safety and efficacy of ibuprofen versus indomethacin in preterm infants treated for patent ductus arteriosus: a randomised controlled trial,1,0,0,0,0
"Indomethacin (INDO) and, more recently, ibuprofen (IBU) have been used to treat haemodynamically significant patent ductus arteriosus (PDA) in preterm infants",0,0,0,0,0
"Both are cyclo-oxygenase blockers, but seem to have a different influence on regional circulation",0,0,0,0,0
"In a prospective, randomised, controlled study, we compared INDO and IBU with regard to efficacy and safety for the early non-invasive treatment of PDA",1,0,0,0,0
"Doppler echocardiography was used to study 232 preterm infants (gestational age 23-34 weeks) with respiratory distress syndrome of whom 175 had persistent, haemodynamically significant PDA at 48-72 h of life",0,0,0,0,0
"They were randomised to receive three intravenous doses of either INDO (0.2 mg/kg, at 12 h intervals) or IBU (a first 10 mg/kg dose followed by two doses of 5 mg/kg at 24 h intervals), recording rate of ductal closure, need for additional treatment, side-effects and clinical course",1,0,0,1,0
"The efficacy of the pharmacological treatment was similar in the two groups (56/81, 69% INDO; 69/94, 73% IBU)",0,0,0,0,0
"Patients treated with INDO showed a significant increase in serum creatinine (89 +/- 24 versus 82 +/- 20 mmol/l, P = 0.03) and a near-significant tendency for a lower fractional excretion of sodium (3 +/- 3 versus 4 +/- 2%, P = 0.08); moreover, 12/81 (15%) INDO patients versus 1/94 (1%) IBU patients became oliguric (< 1 ml/kg per h) during treatment (P = 0.017).",0,0,0,0,0
"Conclusion: Our findings confirm that, by comparison with indomethacin, ibuprofen has fewer effects on renal function in terms of urine output and fluid retention, with much the same efficacy and safety in closing patent ductus arteriosus in preterm infants with respiratory distress syndrome",0,0,0,0,0
"In particular, no increased incidence of intracranial haemorrhage was observed after ibuprofen treatment.",0,0,0,0,0
A comparison of ibuprofen and indomethacin for closure of patent ductus arteriosus,0,0,0,0,0
Background: Indomethacin is the conventional treatment for hemodynamically important patent ductus arteriosus in preterm infants,0,0,0,0,0
"However, its use is associated with various side effects",0,0,0,0,0
"In a prospective study, we compared ibuprofen and indomethacin with regard to efficacy and safety for the early treatment of patent ductus arteriosus in preterm infants.",0,0,0,0,0
"Methods: We studied 148 infants (gestational age, 24 to 32 weeks) who had the respiratory distress syndrome and an echocardiographically confirmed, hemodynamically important patent ductus arteriosus",0,0,0,0,0
"The infants were randomly assigned at five neonatal intensive care centers to receive three intravenous doses of either indomethacin (0.2 mg per kilogram of body weight, given at 12-hour intervals) or ibuprofen (a first dose of 10 mg per kilogram, followed at 24-hour intervals by two doses of 5 mq per kilogram each), starting on the third day of life",1,0,0,1,0
"The rate of ductal closure, the need for additional treatment, side effects, complications, and the infants' clinical course were recorded.",0,0,0,0,0
"Results: The rate of ductal closure was similar with the two treatments: ductal closure occurred in 49 of 74 infants given indomethacin (66 percent), and in 52 of 74 given ibuprofen (70 percent) (relative risk, 0.94; 95 percent confidence interval, 0.76 to 1.17; P=0.41)",0,0,0,0,0
The numbers of infants who needed a second pharmacologic treatment or surgical ductal ligation did not differ significantly between the two groups,0,0,0,0,0
Oliguria occurred in 5 infants treated with ibuprofen and in 14 treated with indomethacin (P=0.03),0,0,0,0,0
There were no significant differences with respect to other side effects or complications.,0,0,0,0,0
Conclusions: Ibuprofen therapy on the third day of life is as efficacious as indomethacin for the treatment of patent ductus arteriosus in preterm infants with the respiratory distress syndrome and is significantly less likely to induce oliguria.,0,0,0,0,0
Treatment of patent ductus arteriosus with ibuprofen,0,0,0,0,0
AIM—To evaluate the efficiency and side effects of ibuprofen for the early treatment of patent ductus arteriosus (PDA)and compare it with indomethacin.,0,0,0,0,0
"METHODS—Forty preterm infants with gestational ages of less than 33 weeks, with respiratory distress syndrome (RDS) and echocardiographically confirmed PDA, were randomly assigned at days 2 to 3 of life to receive either intravenous indomethacin 3 × 0.2 mg/kg at 12 hour intervals or intravenous ibuprofen 1 × 10 mg/kg, followed by 5 mg/kg 24 and 48 hours later.",1,0,0,1,0
RESULTS—PDA closed in 15 of 20 patients from the indomethacin group (75%) and in 16 of 20 (80%) from the ibuprofen group,0,0,0,0,0
"Seven patients (three indomethacin, four ibuprofen) required a second treatment with indomethacin and in five (three in the indomethacin group and two in the ibuprofen group) the duct was ultimately ligated",0,0,0,0,0
Ibuprofen patients had a better urinary output and showed no increase in serum creatinine concentrations compared with the indomethacin group,0,0,0,0,0
Ibuprofen was not associated with any other side effect.,0,0,0,0,0
CONCLUSIONS—Ibuprofen treatment seems to be as efficient as indomethacin in closing PDA on the third day of life in preterm infants with respiratory distress syndrome and seems to have fewer renal side effects.,0,0,0,0,0
Oral ibuprofen and indomethacin for treatment of patent ductus arteriosus in premature infants: a randomized trial at Ramathibodi Hospital,1,0,0,0,0
Background: Ibuprofen given intravenously to premature newborn infants is a proven treatment for patent ductus arteriosus (PDA),0,0,0,0,0
The efficacy of ibuprofen is comparable to indomethacin in many clinical trials with fewer renal side effects,0,0,0,0,0
"However, the intravenous form of ibuprofen is not available in Thailand, whereas, the oral suspension form is widely used for antipyretic treatment in children",0,0,0,0,0
"Therefore, the authors investigated the possibilities of using oral ibuprofen for the treatment of PDA in premature newborn infants.",0,0,0,0,0
Objective: To assess whether oral ibuprofen at 10 mg/kg/dose daily for 3 days was as effective as indomethacin to treat symptomatic PDA in premature infants and to compare the side effects of oral ibuprofen to indomethacin.,0,0,0,0,0
"The rates of ductal closure, infants' clinical courses, side effects and complications were recorded.",0,0,0,0,0
"Results: Birth weight, gestational age, gender, age onset and number of infants who had respiratory distress syndrome were similar in both groups, PDA was closed in 7 of 9 infants given ibuprofen (78%) and in 8 of 9 infants given indomethacin (89%) (p > 0.05)",0,0,0,0,0
Subjects and method: Eighteen premature infants with gestational ages less than 34 weeks born at Ramathibodi Hospital who developed symptomatic PDA were randomly assigned to receive three doses of either indomethacin (oral or intravenous administration 0.2 mg/kg/dose for three doses given at 12 hourly intervals or oral ibuprofen (10 mg/kg/dose for three doses given at 24 hourly intervals),1,0,0,1,0
The mean plasma concentration of ibuprofen was 28.05 microg/ml at 1 hour after the third dose,0,0,0,0,0
Neonates in the ibuprofen group had more urine output,0,0,0,0,0
"However, the increment of serum BUN and creatinine were not significantly different in both groups",0,0,0,0,0
"There were no significant differences in duration of ventilator support as well as number of patients with bronchopulmonary dysplasia, intraventricular hemorrhage, necrotizing enterocolitis and death in both groups.",0,0,0,0,0
Conclusion: Oral ibuprofen therapy is as effective as indomethacin for the treatment of PDA in premature infants and seems to have fewer renal side effects.,0,0,0,0,0
Helium-oxygen versus air-oxygen noninvasive pressure support in decompensated chronic obstructive disease: A prospective multi-center study,0,0,0,0,0
"Objective: To study whether noninvasive pressure support ventilation (NIPSV) with helium/oxygen (He/oxygen), which can reduce dyspnea, PaCO2, and work of breathing more than NIPSV with air/oxygen in decompensated chronic obstructive pulmonary disease, could have beneficial consequences on outcome and hospitalization costs.",0,0,0,0,0
"Design: Prospective, randomized, multicenter study.",1,0,0,0,0
Setting: Intensive care units of three tertiary care university hospitals.,0,0,0,0,0
Patients: All patients with chronic obstructive pulmonary disease admitted to the intensive care units for NIPSV during a 24-month period.,0,0,0,0,0
Interventions: Patients were randomized to NIPSV with air/oxygen or He/oxygen,1,0,0,0,0
"NIPSV settings, number of daily trials, decision to intubate, and intensive care unit and hospital discharge criteria followed standard practice guidelines.",0,0,0,0,0
"Results: A total of 123 patients (male/female ratio, 71:52; age, 71 +/- 10 yrs, Acute Physiology and Chronic Health Evaluation II, 17 +/- 4) were included",0,0,0,0,0
Intubation rate (air/oxygen 20% vs,0,0,0,0,0
He/oxygen 13%) and length of stay in the intensive care unit (air/oxygen 6.2 +/- 5.6 vs,0,0,0,0,0
He/oxygen 5.1 +/- 4 days) were comparable,0,0,0,0,0
The post-intensive care unit hospital stay was lower with He/oxygen (air/oxygen 19 +/- 12 vs,0,0,0,0,0
"He/oxygen 13 +/- 6 days, p < .002)",0,0,0,0,0
"Cost of NIPSV gases was higher with He/oxygen, but total hospitalization costs were lower by $3,348 per patient with He/oxygen",0,0,0,0,0
No complications were associated with the use of He/oxygen.,0,0,0,0,0
"Conclusion: He/oxygen did not significantly reduce intubation rate or intensive care unit stay, but hospital stay was shorter and total costs were lower",0,0,0,0,0
He/oxygen NIPSV can be safely administered and could prove to be a cost-effective strategy.,0,0,0,0,0
Helium/oxygen mixture reduces the work of breathing at the end of the weaning process in patients with severe chronic obstructive pulmonary diseas,0,0,0,0,0
Objective: To test the hypothesis that helium/oxygen mixture can reduce the work of breathing at the end of the weaning process in patients with chronic obstructive pulmonary disease.,0,0,0,0,0
"Design: Prospective, randomized, crossover study.",1,0,0,0,0
Setting: Two medical intensive care units at two university tertiary care centers.,0,0,0,0,0
It was possible to repeat the study after extubation in five patients.,0,0,0,0,0
"Measurements and main results: Before extubation, the helium/oxygen mixture induced no significant variation in the breathing pattern",0,0,0,0,0
Patients: Thirteen patients with chronic obstructive pulmonary disease evaluated just before and after extubation.,0,0,0,0,0
"Interventions: Helium/oxygen and air/oxygen mixtures were administered sequentially, for 20 mins each, in a randomized order, just before extubation",1,0,0,0,0
"By contrast, it reduced the work of breathing from 1.442 +/- 0.718 J/L (mean +/- sd) to 1.133 +/- 0.500 J/L (p <.05)",0,0,0,0,0
This reduction was explained mainly by a reduction in the resistive component of the work of breathing from 0.662 +/- 0.376 to 0.459 +/- 0.256 J/L (p <.01),0,0,0,0,0
We also observed a slight reduction in the intrinsic positive end-expiratory pressure from 2.9 +/- 2.1 cm H(2)O to 2.1 +/- 1.8 cm H(2)O (p <.05),0,0,0,0,0
Similar results were also observed after extubation in five patients in whom the repetition of the study was possible.,0,0,0,0,0
"Conclusions: In spontaneously breathing intubated patients with chronic obstructive pulmonary disease recovering from an acute exacerbation, helium/oxygen mixture reduces the work of breathing as well as intrinsic positive end-expiratory pressure without modifying the breathing pattern.",0,0,0,0,0
Noninvasive ventilation with Helium-oxygen in acute exacerbation of chronic obstructive pulmonary disease,0,0,0,0,0
The use of helium-oxygen (HeO(2)) was tested in combination with noninvasive ventilation (NIV) in 10 patients with acute exacerbation of chronic obstructive pulmonary disease (COPD),0,0,0,0,0
"Effort to breathe as assessed by the respiratory muscle pressure-time index (PTI), work of breathing (WOB), and gas exchange were the main endpoints",0,0,0,0,0
"Results of NIV-HeO(2) were compared with those obtained with standard NIV (AirO(2)), at two levels of pressure-support ventilation (PSV), 9 +/- 2 cm H(2)O and 18 +/- 3 cm H(2)O",0,0,0,0,0
Significant reductions in PTI were observed between HeO(2) and AirO(2) at both the low PSV level (n = 9; 160 +/- 58 versus 198 +/- 78 cm H(2)O/s/ min; p < 0.05) and the high PSV level (n = 10; 100 +/- 45 versus 150 +/- 82 cm H(2)O/s/min; p < 0.01),1,0,0,0,0
"WOB also differed significantly between HeO(2) and AirO(2) (7.8 +/- 4.1 versus 10.9 +/- 6.1 J/min at the low PSV level, p < 0.05; and 5.7 +/- 3.3 versus 9.2 +/- 5",0,0,0,0,0
"J/min, p < 0.01 at the high PSV level)",0,0,0,0,0
"HeO(2) reduced Pa(CO(2)) at both the low PSV level (61 +/- 13 versus 64 +/- 15 mm Hg; p < 0.05) and the high PSV level (56 +/- 13 versus 58 +/- 14 mm Hg; p < 0.05), without significantly changing breathing pattern or oxygenation",0,0,0,0,0
We conclude that use of HeO(2) during NIV markedly enhances the ability of NIV to reduce patient effort and to improve gas exchange.,0,0,0,0,0
Randomized trial of the use of heliox as a driving gas for updraft nebulization of bronchodilators in the emergent treatment of acute exacerbation of chronic obstructive pulmonary disease,1,0,0,0,0
Objective: To determine whether the bronchodilator effects of albuterol and ipratropium bromide are greater if updraft nebulization is driven by 80% helium and 20% oxygen (HELIOX) than if driven by compressed room air (AIR) during the treatment of an acute exacerbations of chronic obstructive pulmonary disease (COPD).,0,0,0,0,0
Setting: The emergency department of a 750-bed inner-city community hospital.,0,0,0,0,0
"Methods: Over a 12-month period, a convenience sample of 50 normoxic patients presenting with signs and symptoms of an acute exacerbation of COPD were prospectively randomized to receive either HELIOX or AIR as the driving gas for updraft nebulization of a mixture of albuterol 2.5 mg and ipratropium bromide 0.5 mg",1,0,0,1,0
"Additional aerosol treatments with albuterol 2.5 mg were given at 20, 40, and 120 mins after randomization using the assigned gas",1,0,0,0,0
Spirometry was obtained while breathing room air before the first treatment (baseline) and at 1 hr and 2 hrs after the initiation of treatment,0,0,0,0,0
The primary measure of efficacy was the change in percent of predicted forced expiratory volume in 1 sec (FEV1) over the treatment period,0,0,0,0,0
A secondary measure of efficacy was the change in percentage of predicted forced expiratory flow after 25% to 75% of vital capacity had been expelled (FEF25-75).,0,0,0,0,0
Results: Twenty-five patients were randomized to each treatment group,1,0,0,0,0
"Three patients (1 HELIOX, 2 AIR) were unable to complete the study",0,0,1,0,0
"The baseline FEV1was 44% (95% confidence interval, 35% to 52%) of predicted in the HELIOX group and 39 (31% to 46%) of predicted in the AIR group",0,0,0,0,0
There were no adverse outcomes observed in either the HELIOX group or the AIR group,0,0,0,0,0
"There were no significant differences in the change of FEV1 between the two groups by either the 1 hr or 2 hr time point (1 hr, HELIOX + 10% [7% to 13%], AIR + 9% [5% to 13%]; 2 hr HELIOX + 10% [6% to 15%], AIR + 10% [6% to 14%])",0,0,0,0,0
The improvement in FEF25-75 was significantly greater in the HELIOX group than in the AIR group at both the 1 hr time point (HELIOX + 14% [7% to 22%] vs,0,0,0,0,0
"AIR + 7% [3% to 10%], p = .05) and at the 2 hr time point (HELIOX + 15% [8% to 21%] vs",0,0,0,0,0
"AIR + 7% [4% to 11%], p = .05).",0,0,0,0,0
Conclusion: Use of HELIOX as a driving gas for the updraft nebulization of bronchodilators during the first 2 hrs of treatment of an acute COPD exacerbation failed to improve FEV1 faster than the use of AIR,0,0,0,0,0
The faster improvement in FEF25-75 during the first 2 hrs of treatment was small and of uncertain clinical significance.,0,0,0,0,0
Effects of Helium-oxygen on intrinsic positive end-expiratory pressure in intubated and mechanically ventilated patients with severe chronic obstructive pulmonary disease,0,0,0,0,0
"Objective: To test the hypothesis that replacing 70:30 nitrogen: oxygen (Air-O2) with 70:30 helium:oxygen (He-O2) can decrease dynamic hyperinflation (""intrinsic"" positive end-expiratory pressure) in mechanically ventilated patients with chronic obstructive pulmonary disease (COPD), and to document the consequences of such an effect on arterial blood gases and hemodynamics.",0,0,0,0,0
"Design: Prospective, interventional study.",0,0,0,0,0
"Setting: Medical intensive care unit, university tertiary care center.",0,0,0,0,0
"Patients: Twenty-three intubated, sedated, paralyzed, and mechanically ventilated patients with COPD enrolled within 36 hrs after intubation.",0,0,0,0,0
"Interventions: Measurements were taken at the following time points, all with the same ventilator settings: a) baseline; b) after 45 mins with He-O2; c) 45 mins after return to Air-O2",0,0,0,0,0
The results were then compared to those obtained in a test lung model using the same ventilator settings,0,0,0,0,0
MAIN RESULTS (MEAN + SD): Trapped lung volume and intrinsic positive end-expiratory pressure decreased during He-O2 ventilation (215+/-125 mL vs,0,0,0,0,0
99+/-15 mL and 9+/-2.5 cm H2O vs,0,0,0,0,0
"5+/-2.7 cm H2O, respectively; p < .05)",0,0,0,0,0
"Likewise, peak and mean airway pressures declined with He-O2 (30+/-5 cm H2O vs",0,0,0,0,0
25+/-6 cm H2O and 8+/-2 cm H2O vs,0,0,0,0,0
"7+/-2 cm H2O, respectively; p < .05)",0,0,0,0,0
These parameters all rose to their baseline values on return to Air-O2 (p < .05 vs,0,0,0,0,0
values during He-O2),0,0,0,0,0
These results were in accordance with those obtained in the test lung model,0,0,0,0,0
"There was no modification of arterial blood gases, heart rate, or mean systemic arterial blood pressure",0,0,0,0,0
"In 12/23 patients, a pulmonary artery catheter was in place, allowing hemodynamic measurements and venous admixture calculations",0,0,0,0,0
"Switching to He-O2 and back to Air-O2 had no effect on pulmonary artery pressures, right and left ventricular filling pressures, cardiac output, pulmonary and systemic vascular resistance, or venous admixture.",0,0,0,0,0
"Conclusion: In mechanically ventilated COPD patients with intrinsic positive end-expiratory pressure, the use of He-O2 can markedly reduce trapped lung volume, intrinsic positive end-expiratory pressure, and peak and mean airway pressures",0,0,0,0,0
No effect was noted on hemodynamics or arterial blood gases,0,0,0,0,0
"He-O2 might prove beneficial in this setting to reduce the risk of barotrauma, as well as to improve hemodynamics and gas exchange in patients with very high levels of intrinsic positive end-expiratory pressure.",0,0,0,0,0
Beneficial effects of Helium :oxygen versus air :oxygen noninvasive pressure support in patients with decompensated chronic obstructive pulmonary disease,0,0,0,0,0
"Objective: To test the hypothesis that, in decompensated chronic obstructive pulmonary disease (COPD), noninvasive pressure support ventilation using 70:30 helium:oxygen instead of 70:30 air:oxygen could reduce dyspnea and improve ventilatory variables, gas exchange, and hemodynamic tolerance.",0,0,0,0,0
"Design: Prospective, randomized, crossover study.",1,0,0,0,0
"Setting: Medical intensive care unit, university tertiary care center.",0,0,0,0,0
Patients: Nineteen patients with severe COPD (forced 1-sec expiratory volume of 0.83+/-0.3 l) hospitalized in the intensive care unit for noninvasive pressure support ventilation after initial stabilization with noninvasive pressure support for no more than 24 hrs after intensive care unit admission.,0,0,0,0,0
Interventions: Noninvasive pressure support ventilation was administered in the following randomized crossover design: a) 45 min with air:oxygen or helium:oxygen; b) no ventilation for 45 min; and c) 45 min with air:oxygen or helium:oxygen.,1,0,0,1,0
Measurements and main results: Air:oxygen and helium:oxygen decreased respiratory rate and increased tidal volume and minute ventilation,0,0,0,0,0
Helium:oxygen decreased inspiratory time,0,0,0,0,0
"Both gases increased total respiratory cycle time and decreased the inspiratory/total time ratio, the reduction in the latter being significantly greater with helium:oxygen",0,0,0,0,0
Peak inspiratory flow rate increased more with helium:oxygen,0,0,0,0,0
"PaO2 increased with both gases, whereas PaCO2 decreased more with helium:oxygen (values shown are mean+/-SD) (52+/-6 torr [6.9+/-0.8 kPa] vs",0,0,0,0,0
55+/-8 torr [7.3+/-1.1 kPa] and 48+/-6 torr [6.4+/-0.8 kPa] vs,0,0,0,0,0
"54+/-7 torr [7.2+/-0.9 kPa] for air:oxygen and helium:oxygen, respectively; p<.05)",0,0,0,0,0
"When hypercapnia was severe (PaCO2 >56 torr [7.5 kPa]), PaCO2 decreased by > or =7.5 torr (1 kPa) in six of seven patients with helium:oxygen and in four of seven patients with air:oxygen (p<.01)",0,0,0,0,0
Dyspnea score (Borg scale) decreased more with helium:oxygen than with air:oxygen (3.7+/-1.6 vs,0,0,0,0,0
4.5+/-1.4 and 2.8+/-1.6 vs,0,0,0,0,0
"4.6+/-1.5 for air:oxygen and helium:oxygen, respectively; p<.05)",0,0,0,0,0
Mean arterial blood pressure decreased with air:oxygen (76+/-12 vs,0,0,0,0,0
82+/-14 mm Hg; p<.05) but remained unchanged with helium:oxygen.,0,0,0,0,0
"Conclusion: In decompensated COPD patients, noninvasive pressure support ventilation with helium:oxygen reduced dyspnea and PaCO2 more than air:oxygen, modified respiratory cycle times, and did not modify systemic blood pressure",0,0,0,0,0
These effects could prove beneficial in COPD patients with severe acute respiratory failure and might reduce the need for endotracheal intubation.,0,0,0,0,0
Helium-oxygen breathing in severe COPD,0,0,0,0,0
The effect of breathing helium-oxygen (He-O2) mixtures was evaluated in 15 patients with severe chronic obstructive pulmonary disease (COPD),0,0,0,0,0
Gas exchange was assessed during quiet breathing at rest before and after 15 minutes of breathing 80 percent He-20 percent O2 mixtures in all patients,0,0,0,0,0
"Functional residual capacity (FRC) determined during argon (Ar) washing studies fell significantly while breathing He-O2, but we did not find significant changes in minute ventilation, tidal volume, respiratory frequency, or inspiratory or expiratory timing",0,0,0,0,0
Eleven patients showed decreases in arterial PCO2 and CO2 excretion during resting breathing on He-O2,0,0,0,0,0
Expiratory flows were increased at a given lung volume during He-O2 breathing as expected,0,0,0,0,0
"Apparently, mechanical work of breathing was decreased in patients with severe COPD while breathing He-O2, leading to a reduction in VCO2 and improvement in overall alveolar ventilation",0,0,0,0,0
These findings lend support to the therapeutic use of He-O2 under some conditions in patients with severe COPD.,0,0,0,0,0
Tranexamic acid in upper gastrointestinal haemorrhage,0,0,0,0,0
"In a double-blind trial in patients with bleeding from the upper gastrointestinal tract, those whose source of bleeding was distal to the gastro-œsophageal junction and whose barium-meal examination was negative benefited from oral tranexamic acid ('Cyclokapron') (1·5 g., eight-hourly)",0,1,0,0,0
"The volume of blood required for retransfusion was less in the treated group, especially in those patients with a negative barium-meal examination",0,0,0,0,0
"These findings are compatible with the concept of a fibrinolytic component in upper gastrointestinal bleeding, which may be of particular importance when bleeding is due to acute superficial erosions.",0,0,0,0,0
Tranexamic acid and upper gastrointestinal haemorrhage--a double-blind trial,0,1,0,0,0
The efficacy of antifibrinolytic therapy in the management of acute upper gastrointestinal haemorrhage has been investigated in a double-blind clinical trial,0,1,0,0,0
"Two-hundred patients were studied using tranexamic acid, a potent antifibrinolytic agent",0,0,0,0,0
"Of these, 103 were in the treatment group and 97 in the control group",0,0,0,0,0
"Patients were analysed to determine severity of initial blood loss, transfusion requirements, together with the incidence of recurrent bleeding, surgical intervention, and death",0,0,0,0,0
"Final diagnosis as to the site of bleeding was arrived at using endoscopy, barium studies, and the findings at operation and necropsy",0,0,0,0,0
"The groups were well matched as regards severity of initial haemorrhage, age, sex, aetiological diagnosis, and precipitating factors",0,0,0,0,0
A significant difference was observed in the requirement for surgical intervention to control continuing or recurrent haemorrhage,0,0,0,0,0
Twenty-three of 97 in the control group and seven of 103 in the treatment group required surgery,0,0,0,0,0
There appeared to be a reduction in the transfusion rate after the first three days of hospitalization in the treatment group,0,0,0,0,0
There were no significant differences in mortality or in side-effects between the two groups.,0,0,0,0,0
Tranexamic acid in massive haemorrhage from the upper gastrointestinal tract: a double-blind study,0,1,0,0,0
"In a double-blind trial of tranexamic acid in massive upper gastrointestinal haemorrhage, 76 patients were treated with the active drug and 73 patients with placebo",0,1,0,0,0
"The doses were 1 g intravenously six times daily for a maximum of 3 days, followed by 1.5 g orally four times daily for a maximum of 4 days",0,0,0,0,0
"The treatment group and the placebo group were comparable with respect to mean age, diagnoses and laboratory tests but differed slightly with respect to sex and alcohol consumption",0,0,0,0,0
"The transfusion requirement in the treatment group was less than in the placebo group during the first days after admission, the difference being significant on the second day after admission",0,0,0,0,0
Ten patients in the treatment group and 18 patients in the placebo group were operated on,0,0,0,0,0
Eleven patients in the treatment group and 12 patients in the placebo group died,0,0,0,0,0
In the tranexamic-acid-treated group fewer operations were performed and significantly less blood was needed,0,0,0,0,0
"It therefore seems highly likely that tranexamic acid has a beneficial effect, although small.",0,0,0,0,0
Local inhibition of the fibrinolytic system in patients with massive upper gastrointestinal hemorrhage,0,0,0,0,0
The effect or oral tranexamic acid on massive upper gastrointestinal hemorrhage was evaluated in a randomized double-blind study,1,1,0,0,0
"Totally 50 patients entered the trial and seven were excluded, leaving 22 placebo treated and 21 tranexamic acid treated for analysis",0,0,1,0,0
"The groups were comparable regarding sex, age, diagnosis, and initial laboratory data",0,0,0,0,0
Transfusions requirements and operation frequency did not differ,0,0,0,0,0
Mortality was slightly reduced and death delayed in tranexamic acid treated patients.,0,0,0,0,0
Cimetidine and tranexamic acid in the treatment of acute upper-gastrointestinal-tract bleedin,0,0,0,0,0
We studied the effects of tranexamic acid (an antifibrinolytic agent) and cimetidine on acute upper-gastrointestinal-tract bleeding in a double-blind randomized placebo-controlled trial in 775 patients with hematemesis or melena or both,1,1,0,0,0
"Mortality was significantly reduced in patients receiving either tranexamic acid (mortality, 6.3 per cent) or cimetidine (7.7 per cent), as compared with patients receiving placebo (13.5 per cent) (P = 0.0092 for tranexamic acid vs",0,0,0,0,0
"placebo, P = 0.045 for cimetidine vs",0,0,0,0,0
placebo),0,0,0,0,0
"Ninety-nine patients were withdrawn before the code was broken, mainly because their primary illness was considered not to be due to acute upper-gastrointestinal-tract bleeding",0,0,1,0,0
"Mortality among those withdrawn was high (22 per cent), and their exclusion reduced death rates to 4 per cent in those given tranexamic acid, 8 per cent in those given cimetidine, and 11 per cent in those given placebo (P = 0.0072 for tranexamic acid vs",0,0,1,0,0
"placebo, P greater than 0.50 for cimetidine vs",0,0,0,0,0
placebo),0,0,0,0,0
The reduced mortality associated with tranexamic acid was detectable at both participating hospitals and in most of the main subgroups of patients classified according to site of bleeding,0,0,0,0,0
"However, treatment with this agent was not associated with any decrease in the rate of rebleeding or the need for operation.",0,0,0,0,0
Tranexamic acid as an aid to reducing blood transfusion requirements in gastric and duodenal bleeding,0,0,0,0,0
A prospective randomised double blind study examined the effect of the antifibrinolytic drug tranexamic acid compared with placebo in 154 patients bleeding from verified benign lesions in the stomach or duodenum or both,1,1,0,0,0
Three out of 72 patients receiving tranexamic acid underwent emergency surgery compared with 15 out of 82 given placebo (p = 0.010),0,0,0,0,0
Nineteen patients receiving placebo rebled during their admission as compared with 10 in the active treatment group (p = 0.097),0,0,0,0,0
Blood transfusion requirements were significantly reduced by tranexamic acid (p = 0.018),0,0,0,0,0
"Side effects occurred in six patients, of which an uncomplicated deep venous thrombosis was the most severe",0,0,0,0,0
Tranexamic acid reduces the blood transfusion requirement and need for emergency surgery in patients bleeding from a benign gastric or duodenal lesion.,0,0,0,0,0
Oral dexamethasone in the treatment of croup: 0.15 mg/kg versus 0.3 mg/kg versus 0.6 mg/kg,0,0,0,0,0
"The objective of this study was to compare the efficacy of a single dose of oral dexamethasone of varying sizes in 120 children hospitalized with croup in two sequential double blind, randomized, controlled clinical trials (Trials A and B)",1,1,0,0,0
The study was conducted in the Emergency Department Observation Ward of a tertiary pediatric hospital,0,0,0,0,0
One hundred and twenty children (age range 6 to 160 months) hospitalized with croup participated,0,0,0,0,0
Baseline characteristics for the two groups in each trial were similar,0,0,0,0,0
In Trial A 60 children received either 0.6 or 0.3 mg/kg dexamethasone syrup; in Trial B 60 children received either 0.3 or 0.15 mg/ kg dexamethasone syrup,0,0,0,0,0
"Duration of hospitalization, reduction in croup scores, and adrenaline usage were evaluated",0,0,0,0,0
"Median duration of hospitalization was similar for children in Trial A (7 and 8 hr), and in Trial B (9 and 9 hr)",0,0,0,0,0
Croup scores following treatment did not differ and were significantly lower than initial scores for all groups and in each trial,0,0,0,0,0
"Other outcome measures were similar for the two groups in each trial, including need for nebulized adrenaline, numbers of patients admitted to intensive care, rate of return to medical care with reoccurrence of croup, and readmission to hospital with croup following discharge from hospital",0,0,0,0,0
We conclude that oral dexamethasone in a dose of 0.15 mg/kg is as effective as 0.3 or 0.6 mg/kg in relieving symptoms and results in a similar duration of hospitalization in children with croup.,0,0,0,0,0
Aciclovir treatment of varicella in otherwise healthy children,0,0,0,0,0
Study objective: To determine whether acyclovir administered orally affects the duration and severity of varicella in otherwise normal children.,0,0,0,0,0
"Design: Randomized, placebo-controlled, double-blind trial",1,1,0,0,0
Setting: Patients' residence and university hospital clinic,0,0,0,0,0
Patients: One hundred five children between 5 and 16 years of age with laboratory-confirmed varicella entered the study,0,0,0,0,0
"Of the 102 who were included in the final analysis, 50 received acyclovir and 52 received placebo.",0,0,0,0,0
"Intervention: Placebo or acyclovir was given orally four times daily, for 5 to 7 days",0,0,0,0,0
"The acyclovir dose was adjusted as follows: 5 to 7 years of age, 20 mg/kg; 7 to 12 years, 15 mg/kg; and 12 to 16 years, 10 mg/kg.",0,0,0,0,0
"Measurements and main results: Acyclovir recipients, compared with the placebo group, defervesced sooner (median, 1 day vs 2 days; p = 0.001), experienced onset of cutaneous healing sooner, as reflected by a decrease in number of lesions (median, 3 days vs 2 days; p = 0.002), and had fewer skin lesions (median, 500 vs 336; p = 0.02)",0,0,0,0,0
Acyclovir did not significantly change the rate of complications of varicella (10% in the acyclovir group vs 13.5% among placebo subjects),0,0,0,0,0
Adverse drug effects were not observed,0,0,0,0,0
"Acyclovir recipients had lower geometric mean serum antibody titers to varicella-zoster virus than their placebo counterparts 4 weeks after the onset of illness, but antibody titers in both groups were similar 1 year later.",0,0,0,0,0
Conclusions: These results provide evidence that acyclovir is useful and well tolerated for treatment of varicella in otherwise healthy children.,0,0,0,0,0
Acyclovir treatment of varicella in otherwise healthy adolescents,0,0,0,0,0
The Collaborative Acyclovir Varicella Study Group,0,0,0,0,0
"Study objective: To determine whether orally administered acyclovir is of therapeutic benefit for varicella in otherwise healthy adolescents, and to compare the severity of the disease in adolescents with that in younger children.",0,0,0,0,0
"Design: Multicenter, randomized, placebo-controlled, double-blind trial.",1,1,0,0,0
Setting: Patients' homes and university hospital clinics.,0,0,0,0,0
Patients: Sixty-eight adolescents between 13 and 18 years of age with varicella entered the study,0,0,0,0,0
"Of the 62 adolescents with laboratory-confirmed varicella who were included in the final analysis, 31 received acyclovir and 31 received placebo.",0,0,0,0,0
"Interventions: Placebo or an 800 mg acyclovir tablet was given orally four times daily for 5 days, beginning within 24 hours of onset of rash.",0,0,0,0,0
"Measurements and main results: Acyclovir recipients had significant reductions in times to cessation of new lesion formation (p less than 0.001), maximum number of lesions (p = 0.019), and defervescence (p = 0.045)",0,0,0,0,0
"Mean constitutional illness score was significantly reduced on day 4 (0.5 vs 1.5, p = 0.05), as was the mean number of residual hypopigmented lesions present on 28-day follow-up examination (22.7 vs 92.7, p = 0.018)",0,0,0,0,0
"Two complications, both bacterial superinfections, occurred in placebo recipients",0,0,0,0,0
Adverse experiences and varicella-zoster virus antibody titers measured 28 days after enrollment were similar in both treatment groups,0,0,0,0,0
"Comparison of placebo recipients with children 2 to 12 years of age participating in a companion study indicated that varicella is more severe in adolescents: mean maximum total lesions (421 vs 347, p = 0.003), mean maximum constitutional illness score (3.1 vs 2.2, p = 0.032), and mean number of residual lesions (92.7 vs 33.2, p = 0.01) were all greater in the adolescent population.",0,0,0,0,0
Conclusions: Oral acyclovir therapy is safe and effective for treatment of varicella in otherwise healthy adolescents; this may be an appropriate subgroup for treatment with antiviral drugs because the disease is more severe in them than in younger children.,0,0,0,0,0
"Hands-on robotic unicompartmental knee replacement: a prospective, randomised controlled study of the acrobot system",1,0,0,0,0
"We performed a prospective, randomised controlled trial of unicompartmental knee arthroplasty comparing the performance of the Acrobot system with conventional surgery",1,0,0,0,0
A total of 27 patients (28 knees) awaiting unicompartmental knee arthroplasty were randomly allocated to have the operation performed conventionally or with the assistance of the Acrobot,1,0,0,0,0
"The primary outcome measurement was the angle of tibiofemoral alignment in the coronal plane, measured by CT",0,0,0,0,0
Other secondary parameters were evaluated and are reported,0,0,0,0,0
"All of the Acrobot group had tibiofemoral alignment in the coronal plane within 2 degrees of the planned position, while only 40% of the conventional group achieved this level of accuracy",0,0,0,0,0
"While the operations took longer, no adverse effects were noted, and there was a trend towards improvement in performance with increasing accuracy based on the Western Ontario and McMaster Universities Osteoarthritis Index and American Knee Society scores at six weeks and three months",0,0,0,0,0
The Acrobot device allows the surgeon to reproduce a pre-operative plan more reliably than is possible using conventional techniques which may have clinical advantages.,0,0,0,0,0
Evaluation of robotic cardiac surgery simulation training: A randomized controlled trial,1,0,0,0,0
Objective: To compare the currently available simulation training modalities used to teach robotic surgery.,0,0,0,0,0
"Methods: Forty surgical trainees completed a standardized robotic 10-cm dissection of the internal thoracic artery and placed 3 sutures of a mitral valve annuloplasty in porcine models and were then randomized to a wet lab, a dry lab, a virtual reality lab, or a control group that received no additional training",1,0,0,1,0
All groups trained to a level of proficiency determined by 2 expert robotic cardiac surgeons,0,0,0,0,0
All assessments were evaluated using the Global Evaluative Assessment of Robotic Skills in a blinded fashion.,0,0,0,0,0
Conclusions: We have completed the first randomized controlled trial to objectively compare the different training modalities of robotic surgery,1,0,0,0,0
Our data demonstrate the significant benefits of wet lab and virtual reality robotic simulation training and highlight key differences in current training methods,0,0,0,0,0
"This study can help guide training programs in investing resources in cost-effective, high-yield simulation exercises.",0,0,0,0,0
Clinicians entered baseline data via a telephone voice-activated or a secure web-based randomisation system,1,0,0,1,0
"After the system had recorded and checked the data, patients were allocated either immediate thrombolysis with 0·9 mg/kg of intravenous rt-PA to a maximum of 90 mg (10% bolus with the remainder over 1 h) or control treatment",0,0,0,0,0
The system would not accept patients with blood pressure or glucose levels outside protocol-defined criteria (appendix pp 4–5) or other data inconsistencies,0,0,0,0,0
"The system used a minimisation algorithm to achieve optimum balance for key prognostic factors (table 1), and from January, 2006, minimisation was additionally stratified by world region and then minimised on all the other key factors within regions.",0,0,0,0,0
"To be eligible to join the trial, participating hospitals had to have an organised system of stroke care",0,0,0,0,0
"Acute-care protocols were not specified by the trial, but had to include the components of effective stroke-unit care,19 including, soon after admission, intravenous access, monitoring of physiological variables, correction of any abnormalities, and where clinically appropriate, intravenous-fluid therapy",0,0,0,0,0
"All patients in the trial were to be treated within that organised system of stroke care, irrespective of treatment allocation",0,0,0,0,0
Patients allocated to the control group were to avoid treatment with rt-PA and received stroke care in the same clinical environment as those allocated to the rt-PA group,0,0,0,0,0
Both treatment groups had blood pressure monitored closely over the first 24 h.,0,0,0,0,0
"In the double-blinded phase, both groups were to avoid antiplatelet or anticoagulant therapy for 24 h",0,1,0,0,0
"In the open phase, patients allocated to the control group were to start aspirin immediately",0,0,0,0,0
"Blood pressure was managed in the same way in both treatment groups, according to local protocol",0,0,0,0,0
"Additionally, all centres were asked for their pretrial experience of thrombolysis for treatment of stroke, and if the centre had, before joining the trial, a protocol for open-label use of rt-PA and had treated at least three people in the 12 months before joining the trial, the centre was classed as experienced.",0,0,0,0,0
All patients had a CT or MRI brain scan before randomisation and a follow-up scan at 24–48 h. ,1,0,0,0,0
A repeat brain scan was required if the patient deteriorated neurologically or intracranial haemorrhage was suspected for any reason.,0,0,0,0,0
"Although CT scanning was preferred, MRI was allowed",0,0,0,0,0
"All scans were sent to the trial centre in Edinburgh for masked central rating of any signs of visible early ischaemia (presence and extent of hypo-attenuation, swelling, hyperattenuated artery), haemorrhage, and background brain changes (leukoaraiosis, atrophy, prior stroke lesions, non-stroke lesions) with validated rating methods.20–25 ",0,0,0,0,0
"Images were assessed with all original identifiers stripped from the record, and then viewed via a secure web-based image viewing system by an international panel of expert radiologists",0,0,0,0,1
All assessments were made masked to all patient details and treatment allocation.,0,0,0,0,1
Data on potential reports of any of these events were extracted from the trial database and presented to the adjudication committee who were masked to treatment allocation,0,0,0,0,1
"To avoid predictable alternation of treatment allocation, and thus potential loss of allocation concealment, patients were allocated with a probability of 0·80 to the treatment group that would minimise the difference between the groups on the key prognostic factors",0,0,0,0,1
Additional details of the procedures used in the double-blinded phase of the study are reported elsewhere,0,1,0,0,1
"The randomisation system informed local clinicians of the patients' unique trial identification number, and the weight-adjusted dose of drug or placebo in the double-blinded phase, or of the weight-adjusted drug dose among those allocated thrombolysis in the open phase, to be given as a 10% bolus with the remainder by an infusion over 1 h.",1,1,0,1,1
"With the exception of the 276 patients treated in the double-blinded phase of the trial, treatment was given openly and neither the patient nor the treating clinicians were masked. ",0,1,0,0,0
"Hospital staff completed an early outcome form at 7 days, death, or hospital discharge, whichever occured first, recording details of events occurring in hospital within 7 days, details of background treatments given and functional status",0,0,1,0,0
"6 months after randomisation, general practitioners (or hospital coordinators) were contacted by the IST-3 trial office staff to check that the patient was alive and inform them that they might be approached for follow-up",1,0,1,0,0
"If appropriate, the IST-3 trial office masked staff then mailed a postal questionnaire to patients to assess outcome",0,0,1,0,0
"Non-responders were contacted by telephone, and follow-up data was obtained by telephone interview",0,0,1,0,0
"In Italy and Austria, all follow-ups were done as telephone interviews by a clinician, who was masked to treatment allocation and was highly experienced in outcome assessment",0,0,1,0,0
"In Portugal, patients were followed up in clinic by clinicians not involved in the patients' initial treatment, again, masked to treatment allocation as far as possible",0,0,1,0,0
"To assess the durability of any treatment benefit beyond 6 months, patients recruited in the UK (and in other countries where appropriate funding had been obtained) were also followed up at 18 months",0,0,1,0,0
"All follow-up done by patient contact for these analyses ceased on March 31, 2012, but recording of deaths from national registries of deaths continues in UK, Norway, and Sweden.",0,0,1,0,0